func_names,num_calls,call_stack,severity,exclusive_runtimes,TotalRuntimeSum(AllFunc),severity_trunc,sev_bin_upper_bound
hipLaunchKernel,8,8ceacb,1.0,1087850,1241243,1.0,1.0
hipMalloc,3,87461d,0.0002785310474789723,303,,0.0,0.1
hipMalloc,3,87461d,4.596221905593602e-05,50,,0.0,0.1
hipMalloc,1,12bfcb,7.537803925173508e-05,82,,0.0,0.1
"void CP_ReleaseTimestepHandler(CManager, CMConnection, void *, void *, attr_list) [{/tmp/ckelly/spack-stage/spack-stage-adios2-2.8.3-b274vweejplvgumiokt64geajozwiuc3/spack-src/source/adios2/toolkit/sst/cp/cp_writer.c} {2557,0}]",1,67220c,0.0001406443903111642,153,,0.0,0.1
"Grid::Lattice<Grid::iVector<Grid::iScalar<Grid::iMatrix<Grid::Grid_simd<thrust::complex<double>, Grid::GpuVector<4, Grid::GpuComplex<HIP_vector_type<double, 2u> > > >, 3> >, 4> >& Grid::Lattice<Grid::iVector<Grid::iScalar<Grid::iMatrix<Grid::Grid_simd<thrust::complex<double>, Grid::GpuVector<4, Grid::GpuComplex<HIP_vector_type<double, 2u> > > >, 3> >, 4> >::operator=<Grid::BinaryMul, Grid::Lattice<Grid::iVector<Grid::iScalar<Grid::iMatrix<Grid::Grid_simd<thrust::complex<double>, Grid::GpuVector<4, Grid::GpuComplex<HIP_vector_type<double, 2u> > > >, 3> >, 4> >, double>(Grid::LatticeBinaryExpression<Grid::BinaryMul, Grid::Lattice<Grid::iVector<Grid::iScalar<Grid::iMatrix<Grid::Grid_simd<thrust::complex<double>, Grid::GpuVector<4, Grid::GpuComplex<HIP_vector_type<double, 2u> > > >, 3> >, 4> >, double> const&) [{/autofs/nccs-svm1_home1/ckelly/src/Grid_crusher_Xconj/Grid/Grid/lattice/Lattice_base.h} {142}]",1,724feb,1.4707910097899527e-05,16,,0.0,0.1
"Grid::uvmAllocator<int>::deallocate(int*, unsigned long) [{/autofs/nccs-svm1_home1/ckelly/src/Grid_crusher_Xconj/Grid/Grid/allocator/AlignedAllocator.h} {107}]",2,30d6df,0.0,0,,0.0,0.1
"Grid::uvmAllocator<int>::allocate(unsigned long, void const*) [{/autofs/nccs-svm1_home1/ckelly/src/Grid_crusher_Xconj/Grid/Grid/allocator/AlignedAllocator.h} {98}]",1,64f6c9,0.0,0,,0.0,0.1
"Grid::uvmAllocator<int>::allocate(unsigned long, void const*) [{/autofs/nccs-svm1_home1/ckelly/src/Grid_crusher_Xconj/Grid/Grid/allocator/AlignedAllocator.h} {98}]",1,dd36c8,0.0,0,,0.0,0.1
"Grid::alignedAllocator<Grid::iVector<Grid::iScalar<Grid::iMatrix<Grid::Grid_simd<thrust::complex<double>, Grid::GpuVector<4, Grid::GpuComplex<HIP_vector_type<double, 2u> > > >, 3> >, 8> >::allocate(unsigned long, void const*) [{/autofs/nccs-svm1_home1/ckelly/src/Grid_crusher_Xconj/Grid/Grid/allocator/AlignedAllocator.h} {52}]",3,d395d0,1.1030932573424645e-05,12,,0.0,0.1
"Grid::alignedAllocator<Grid::iVector<Grid::iScalar<Grid::iMatrix<Grid::Grid_simd<thrust::complex<double>, Grid::GpuVector<4, Grid::GpuComplex<HIP_vector_type<double, 2u> > > >, 3> >, 8> >::allocate(unsigned long, void const*) [{/autofs/nccs-svm1_home1/ckelly/src/Grid_crusher_Xconj/Grid/Grid/allocator/AlignedAllocator.h} {52}]",3,d395d0,1.8384887622374409e-06,2,,0.0,0.1
"Grid::alignedAllocator<Grid::iVector<Grid::iScalar<Grid::iMatrix<Grid::Grid_simd<thrust::complex<double>, Grid::GpuVector<4, Grid::GpuComplex<HIP_vector_type<double, 2u> > > >, 3> >, 8> >::allocate(unsigned long, void const*) [{/autofs/nccs-svm1_home1/ckelly/src/Grid_crusher_Xconj/Grid/Grid/allocator/AlignedAllocator.h} {52}]",3,d395d0,5.515466286712322e-06,6,,0.0,0.1
"Grid::uvmAllocator<Grid::iScalar<Grid::iVector<Grid::iVector<Grid::Grid_simd<thrust::complex<double>, Grid::GpuVector<4, Grid::GpuComplex<HIP_vector_type<double, 2u> > > >, 3>, 2> >*>::allocate(unsigned long, void const*) [{/autofs/nccs-svm1_home1/ckelly/src/Grid_crusher_Xconj/Grid/Grid/allocator/AlignedAllocator.h} {98}]",4,b16b31,2.757733143356161e-06,3,,0.0,0.1
"Grid::uvmAllocator<Grid::iScalar<Grid::iVector<Grid::iVector<Grid::Grid_simd<thrust::complex<double>, Grid::GpuVector<4, Grid::GpuComplex<HIP_vector_type<double, 2u> > > >, 3>, 2> >*>::allocate(unsigned long, void const*) [{/autofs/nccs-svm1_home1/ckelly/src/Grid_crusher_Xconj/Grid/Grid/allocator/AlignedAllocator.h} {98}]",4,b16b31,1.3788665716780806e-05,15,,0.0,0.1
"Grid::uvmAllocator<Grid::iScalar<Grid::iVector<Grid::iVector<Grid::Grid_simd<thrust::complex<double>, Grid::GpuVector<4, Grid::GpuComplex<HIP_vector_type<double, 2u> > > >, 3>, 2> >*>::allocate(unsigned long, void const*) [{/autofs/nccs-svm1_home1/ckelly/src/Grid_crusher_Xconj/Grid/Grid/allocator/AlignedAllocator.h} {98}]",4,b16b31,1.1950176954543365e-05,13,,0.0,0.1
"Grid::uvmAllocator<Grid::iScalar<Grid::iVector<Grid::iVector<Grid::Grid_simd<thrust::complex<double>, Grid::GpuVector<4, Grid::GpuComplex<HIP_vector_type<double, 2u> > > >, 3>, 2> >*>::allocate(unsigned long, void const*) [{/autofs/nccs-svm1_home1/ckelly/src/Grid_crusher_Xconj/Grid/Grid/allocator/AlignedAllocator.h} {98}]",4,b16b31,1.1030932573424645e-05,12,,0.0,0.1
"Grid::CartesianStencil<Grid::iScalar<Grid::iVector<Grid::iVector<Grid::Grid_simd<thrust::complex<double>, Grid::GpuVector<4, Grid::GpuComplex<HIP_vector_type<double, 2u> > > >, 3>, 4> >, Grid::iScalar<Grid::iVector<Grid::iVector<Grid::Grid_simd<thrust::complex<double>, Grid::GpuVector<4, Grid::GpuComplex<HIP_vector_type<double, 2u> > > >, 3>, 2> >, Grid::XconjWilsonImplParams>::Local(int, int, int, int) [{/autofs/nccs-svm1_home1/ckelly/src/Grid_crusher_Xconj/Grid/Grid/stencil/Stencil.h} {781}]",12,28cd3e,4.412373029369858e-05,48,,0.0,0.1
"Grid::CartesianStencil<Grid::iScalar<Grid::iVector<Grid::iVector<Grid::Grid_simd<thrust::complex<double>, Grid::GpuVector<4, Grid::GpuComplex<HIP_vector_type<double, 2u> > > >, 3>, 4> >, Grid::iScalar<Grid::iVector<Grid::iVector<Grid::Grid_simd<thrust::complex<double>, Grid::GpuVector<4, Grid::GpuComplex<HIP_vector_type<double, 2u> > > >, 3>, 2> >, Grid::XconjWilsonImplParams>::Local(int, int, int, int) [{/autofs/nccs-svm1_home1/ckelly/src/Grid_crusher_Xconj/Grid/Grid/stencil/Stencil.h} {781}]",12,28cd3e,2.206186514684929e-05,24,,0.0,0.1
"Grid::CartesianStencil<Grid::iScalar<Grid::iVector<Grid::iVector<Grid::Grid_simd<thrust::complex<double>, Grid::GpuVector<4, Grid::GpuComplex<HIP_vector_type<double, 2u> > > >, 3>, 4> >, Grid::iScalar<Grid::iVector<Grid::iVector<Grid::Grid_simd<thrust::complex<double>, Grid::GpuVector<4, Grid::GpuComplex<HIP_vector_type<double, 2u> > > >, 3>, 2> >, Grid::XconjWilsonImplParams>::Local(int, int, int, int) [{/autofs/nccs-svm1_home1/ckelly/src/Grid_crusher_Xconj/Grid/Grid/stencil/Stencil.h} {781}]",12,28cd3e,3.309279772027393e-05,36,,0.0,0.1
"Grid::CartesianStencil<Grid::iScalar<Grid::iVector<Grid::iVector<Grid::Grid_simd<thrust::complex<double>, Grid::GpuVector<4, Grid::GpuComplex<HIP_vector_type<double, 2u> > > >, 3>, 4> >, Grid::iScalar<Grid::iVector<Grid::iVector<Grid::Grid_simd<thrust::complex<double>, Grid::GpuVector<4, Grid::GpuComplex<HIP_vector_type<double, 2u> > > >, 3>, 2> >, Grid::XconjWilsonImplParams>::Local(int, int, int, int) [{/autofs/nccs-svm1_home1/ckelly/src/Grid_crusher_Xconj/Grid/Grid/stencil/Stencil.h} {781}]",12,28cd3e,3.8608264006986256e-05,42,,0.0,0.1
"Grid::CartesianStencil<Grid::iScalar<Grid::iVector<Grid::iVector<Grid::Grid_simd<thrust::complex<double>, Grid::GpuVector<4, Grid::GpuComplex<HIP_vector_type<double, 2u> > > >, 3>, 4> >, Grid::iScalar<Grid::iVector<Grid::iVector<Grid::Grid_simd<thrust::complex<double>, Grid::GpuVector<4, Grid::GpuComplex<HIP_vector_type<double, 2u> > > >, 3>, 2> >, Grid::XconjWilsonImplParams>::Local(int, int, int, int) [{/autofs/nccs-svm1_home1/ckelly/src/Grid_crusher_Xconj/Grid/Grid/stencil/Stencil.h} {781}]",12,28cd3e,3.58505308636301e-05,39,,0.0,0.1
"Grid::CartesianStencil<Grid::iScalar<Grid::iVector<Grid::iVector<Grid::Grid_simd<thrust::complex<double>, Grid::GpuVector<4, Grid::GpuComplex<HIP_vector_type<double, 2u> > > >, 3>, 4> >, Grid::iScalar<Grid::iVector<Grid::iVector<Grid::Grid_simd<thrust::complex<double>, Grid::GpuVector<4, Grid::GpuComplex<HIP_vector_type<double, 2u> > > >, 3>, 2> >, Grid::XconjWilsonImplParams>::Local(int, int, int, int) [{/autofs/nccs-svm1_home1/ckelly/src/Grid_crusher_Xconj/Grid/Grid/stencil/Stencil.h} {781}]",12,28cd3e,3.6769775244748815e-05,40,,0.0,0.1
"Grid::CartesianStencil<Grid::iScalar<Grid::iVector<Grid::iVector<Grid::Grid_simd<thrust::complex<double>, Grid::GpuVector<4, Grid::GpuComplex<HIP_vector_type<double, 2u> > > >, 3>, 4> >, Grid::iScalar<Grid::iVector<Grid::iVector<Grid::Grid_simd<thrust::complex<double>, Grid::GpuVector<4, Grid::GpuComplex<HIP_vector_type<double, 2u> > > >, 3>, 2> >, Grid::XconjWilsonImplParams>::Local(int, int, int, int) [{/autofs/nccs-svm1_home1/ckelly/src/Grid_crusher_Xconj/Grid/Grid/stencil/Stencil.h} {781}]",12,28cd3e,1.7465643241255687e-05,19,,0.0,0.1
"Grid::CartesianStencil<Grid::iScalar<Grid::iVector<Grid::iVector<Grid::Grid_simd<thrust::complex<double>, Grid::GpuVector<4, Grid::GpuComplex<HIP_vector_type<double, 2u> > > >, 3>, 4> >, Grid::iScalar<Grid::iVector<Grid::iVector<Grid::Grid_simd<thrust::complex<double>, Grid::GpuVector<4, Grid::GpuComplex<HIP_vector_type<double, 2u> > > >, 3>, 2> >, Grid::XconjWilsonImplParams>::Local(int, int, int, int) [{/autofs/nccs-svm1_home1/ckelly/src/Grid_crusher_Xconj/Grid/Grid/stencil/Stencil.h} {781}]",12,28cd3e,3.0335064576917774e-05,33,,0.0,0.1
"Grid::CartesianStencil<Grid::iScalar<Grid::iVector<Grid::iVector<Grid::Grid_simd<thrust::complex<double>, Grid::GpuVector<4, Grid::GpuComplex<HIP_vector_type<double, 2u> > > >, 3>, 4> >, Grid::iScalar<Grid::iVector<Grid::iVector<Grid::Grid_simd<thrust::complex<double>, Grid::GpuVector<4, Grid::GpuComplex<HIP_vector_type<double, 2u> > > >, 3>, 2> >, Grid::XconjWilsonImplParams>::CopyPlane(int, int, int, int, int, int, int) [{/autofs/nccs-svm1_home1/ckelly/src/Grid_crusher_Xconj/Grid/Grid/stencil/Stencil.h} {920}]",31,359fd9,0.0014615985659787655,1590,,0.0,0.1
"Grid::CartesianStencil<Grid::iScalar<Grid::iVector<Grid::iVector<Grid::Grid_simd<thrust::complex<double>, Grid::GpuVector<4, Grid::GpuComplex<HIP_vector_type<double, 2u> > > >, 3>, 4> >, Grid::iScalar<Grid::iVector<Grid::iVector<Grid::Grid_simd<thrust::complex<double>, Grid::GpuVector<4, Grid::GpuComplex<HIP_vector_type<double, 2u> > > >, 3>, 2> >, Grid::XconjWilsonImplParams>::CopyPlane(int, int, int, int, int, int, int) [{/autofs/nccs-svm1_home1/ckelly/src/Grid_crusher_Xconj/Grid/Grid/stencil/Stencil.h} {920}]",31,359fd9,0.0001305327021188583,142,,0.0,0.1
"Grid::CartesianStencil<Grid::iScalar<Grid::iVector<Grid::iVector<Grid::Grid_simd<thrust::complex<double>, Grid::GpuVector<4, Grid::GpuComplex<HIP_vector_type<double, 2u> > > >, 3>, 4> >, Grid::iScalar<Grid::iVector<Grid::iVector<Grid::Grid_simd<thrust::complex<double>, Grid::GpuVector<4, Grid::GpuComplex<HIP_vector_type<double, 2u> > > >, 3>, 2> >, Grid::XconjWilsonImplParams>::CopyPlane(int, int, int, int, int, int, int) [{/autofs/nccs-svm1_home1/ckelly/src/Grid_crusher_Xconj/Grid/Grid/stencil/Stencil.h} {920}]",31,359fd9,0.0016619938410626465,1808,,0.0,0.1
"Grid::CartesianStencil<Grid::iScalar<Grid::iVector<Grid::iVector<Grid::Grid_simd<thrust::complex<double>, Grid::GpuVector<4, Grid::GpuComplex<HIP_vector_type<double, 2u> > > >, 3>, 4> >, Grid::iScalar<Grid::iVector<Grid::iVector<Grid::Grid_simd<thrust::complex<double>, Grid::GpuVector<4, Grid::GpuComplex<HIP_vector_type<double, 2u> > > >, 3>, 2> >, Grid::XconjWilsonImplParams>::CopyPlane(int, int, int, int, int, int, int) [{/autofs/nccs-svm1_home1/ckelly/src/Grid_crusher_Xconj/Grid/Grid/stencil/Stencil.h} {920}]",31,359fd9,0.00011858252516431493,129,,0.0,0.1
"Grid::CartesianStencil<Grid::iScalar<Grid::iVector<Grid::iVector<Grid::Grid_simd<thrust::complex<double>, Grid::GpuVector<4, Grid::GpuComplex<HIP_vector_type<double, 2u> > > >, 3>, 4> >, Grid::iScalar<Grid::iVector<Grid::iVector<Grid::Grid_simd<thrust::complex<double>, Grid::GpuVector<4, Grid::GpuComplex<HIP_vector_type<double, 2u> > > >, 3>, 2> >, Grid::XconjWilsonImplParams>::CopyPlane(int, int, int, int, int, int, int) [{/autofs/nccs-svm1_home1/ckelly/src/Grid_crusher_Xconj/Grid/Grid/stencil/Stencil.h} {920}]",31,359fd9,0.001605000689433286,1746,,0.0,0.1
"Grid::CartesianStencil<Grid::iScalar<Grid::iVector<Grid::iVector<Grid::Grid_simd<thrust::complex<double>, Grid::GpuVector<4, Grid::GpuComplex<HIP_vector_type<double, 2u> > > >, 3>, 4> >, Grid::iScalar<Grid::iVector<Grid::iVector<Grid::Grid_simd<thrust::complex<double>, Grid::GpuVector<4, Grid::GpuComplex<HIP_vector_type<double, 2u> > > >, 3>, 2> >, Grid::XconjWilsonImplParams>::CopyPlane(int, int, int, int, int, int, int) [{/autofs/nccs-svm1_home1/ckelly/src/Grid_crusher_Xconj/Grid/Grid/stencil/Stencil.h} {920}]",31,359fd9,0.00012961345773773958,141,,0.0,0.1
"Grid::CartesianStencil<Grid::iScalar<Grid::iVector<Grid::iVector<Grid::Grid_simd<thrust::complex<double>, Grid::GpuVector<4, Grid::GpuComplex<HIP_vector_type<double, 2u> > > >, 3>, 4> >, Grid::iScalar<Grid::iVector<Grid::iVector<Grid::Grid_simd<thrust::complex<double>, Grid::GpuVector<4, Grid::GpuComplex<HIP_vector_type<double, 2u> > > >, 3>, 2> >, Grid::XconjWilsonImplParams>::CopyPlane(int, int, int, int, int, int, int) [{/autofs/nccs-svm1_home1/ckelly/src/Grid_crusher_Xconj/Grid/Grid/stencil/Stencil.h} {920}]",31,359fd9,0.0015930505124787425,1733,,0.0,0.1
"Grid::CartesianStencil<Grid::iScalar<Grid::iVector<Grid::iVector<Grid::Grid_simd<thrust::complex<double>, Grid::GpuVector<4, Grid::GpuComplex<HIP_vector_type<double, 2u> > > >, 3>, 4> >, Grid::iScalar<Grid::iVector<Grid::iVector<Grid::Grid_simd<thrust::complex<double>, Grid::GpuVector<4, Grid::GpuComplex<HIP_vector_type<double, 2u> > > >, 3>, 2> >, Grid::XconjWilsonImplParams>::CopyPlane(int, int, int, int, int, int, int) [{/autofs/nccs-svm1_home1/ckelly/src/Grid_crusher_Xconj/Grid/Grid/stencil/Stencil.h} {920}]",31,359fd9,0.001420232568828423,1545,,0.0,0.1
"Grid::CartesianStencil<Grid::iScalar<Grid::iVector<Grid::iVector<Grid::Grid_simd<thrust::complex<double>, Grid::GpuVector<4, Grid::GpuComplex<HIP_vector_type<double, 2u> > > >, 3>, 4> >, Grid::iScalar<Grid::iVector<Grid::iVector<Grid::Grid_simd<thrust::complex<double>, Grid::GpuVector<4, Grid::GpuComplex<HIP_vector_type<double, 2u> > > >, 3>, 2> >, Grid::XconjWilsonImplParams>::CopyPlane(int, int, int, int, int, int, int) [{/autofs/nccs-svm1_home1/ckelly/src/Grid_crusher_Xconj/Grid/Grid/stencil/Stencil.h} {920}]",31,359fd9,0.001545249804660569,1681,,0.0,0.1
"Grid::CartesianStencil<Grid::iScalar<Grid::iVector<Grid::iVector<Grid::Grid_simd<thrust::complex<double>, Grid::GpuVector<4, Grid::GpuComplex<HIP_vector_type<double, 2u> > > >, 3>, 4> >, Grid::iScalar<Grid::iVector<Grid::iVector<Grid::Grid_simd<thrust::complex<double>, Grid::GpuVector<4, Grid::GpuComplex<HIP_vector_type<double, 2u> > > >, 3>, 2> >, Grid::XconjWilsonImplParams>::CopyPlane(int, int, int, int, int, int, int) [{/autofs/nccs-svm1_home1/ckelly/src/Grid_crusher_Xconj/Grid/Grid/stencil/Stencil.h} {920}]",31,359fd9,0.00022705336213632395,247,,0.0,0.1
"Grid::CartesianStencil<Grid::iScalar<Grid::iVector<Grid::iVector<Grid::Grid_simd<thrust::complex<double>, Grid::GpuVector<4, Grid::GpuComplex<HIP_vector_type<double, 2u> > > >, 3>, 4> >, Grid::iScalar<Grid::iVector<Grid::iVector<Grid::Grid_simd<thrust::complex<double>, Grid::GpuVector<4, Grid::GpuComplex<HIP_vector_type<double, 2u> > > >, 3>, 2> >, Grid::XconjWilsonImplParams>::CopyPlane(int, int, int, int, int, int, int) [{/autofs/nccs-svm1_home1/ckelly/src/Grid_crusher_Xconj/Grid/Grid/stencil/Stencil.h} {920}]",31,359fd9,0.0002454382497586984,267,,0.0,0.1
"Grid::CartesianStencil<Grid::iScalar<Grid::iVector<Grid::iVector<Grid::Grid_simd<thrust::complex<double>, Grid::GpuVector<4, Grid::GpuComplex<HIP_vector_type<double, 2u> > > >, 3>, 4> >, Grid::iScalar<Grid::iVector<Grid::iVector<Grid::Grid_simd<thrust::complex<double>, Grid::GpuVector<4, Grid::GpuComplex<HIP_vector_type<double, 2u> > > >, 3>, 2> >, Grid::XconjWilsonImplParams>::CopyPlane(int, int, int, int, int, int, int) [{/autofs/nccs-svm1_home1/ckelly/src/Grid_crusher_Xconj/Grid/Grid/stencil/Stencil.h} {920}]",31,359fd9,0.0002610654042377166,284,,0.0,0.1
"Grid::CartesianStencil<Grid::iScalar<Grid::iVector<Grid::iVector<Grid::Grid_simd<thrust::complex<double>, Grid::GpuVector<4, Grid::GpuComplex<HIP_vector_type<double, 2u> > > >, 3>, 4> >, Grid::iScalar<Grid::iVector<Grid::iVector<Grid::Grid_simd<thrust::complex<double>, Grid::GpuVector<4, Grid::GpuComplex<HIP_vector_type<double, 2u> > > >, 3>, 2> >, Grid::XconjWilsonImplParams>::CopyPlane(int, int, int, int, int, int, int) [{/autofs/nccs-svm1_home1/ckelly/src/Grid_crusher_Xconj/Grid/Grid/stencil/Stencil.h} {920}]",31,359fd9,0.0002509537160454107,273,,0.0,0.1
"Grid::CartesianStencil<Grid::iScalar<Grid::iVector<Grid::iVector<Grid::Grid_simd<thrust::complex<double>, Grid::GpuVector<4, Grid::GpuComplex<HIP_vector_type<double, 2u> > > >, 3>, 4> >, Grid::iScalar<Grid::iVector<Grid::iVector<Grid::Grid_simd<thrust::complex<double>, Grid::GpuVector<4, Grid::GpuComplex<HIP_vector_type<double, 2u> > > >, 3>, 2> >, Grid::XconjWilsonImplParams>::CopyPlane(int, int, int, int, int, int, int) [{/autofs/nccs-svm1_home1/ckelly/src/Grid_crusher_Xconj/Grid/Grid/stencil/Stencil.h} {920}]",31,359fd9,0.00024911522728317324,271,,0.0,0.1
"Grid::CartesianStencil<Grid::iScalar<Grid::iVector<Grid::iVector<Grid::Grid_simd<thrust::complex<double>, Grid::GpuVector<4, Grid::GpuComplex<HIP_vector_type<double, 2u> > > >, 3>, 4> >, Grid::iScalar<Grid::iVector<Grid::iVector<Grid::Grid_simd<thrust::complex<double>, Grid::GpuVector<4, Grid::GpuComplex<HIP_vector_type<double, 2u> > > >, 3>, 2> >, Grid::XconjWilsonImplParams>::CopyPlane(int, int, int, int, int, int, int) [{/autofs/nccs-svm1_home1/ckelly/src/Grid_crusher_Xconj/Grid/Grid/stencil/Stencil.h} {920}]",31,359fd9,0.0002481959829020545,270,,0.0,0.1
"Grid::CartesianStencil<Grid::iScalar<Grid::iVector<Grid::iVector<Grid::Grid_simd<thrust::complex<double>, Grid::GpuVector<4, Grid::GpuComplex<HIP_vector_type<double, 2u> > > >, 3>, 4> >, Grid::iScalar<Grid::iVector<Grid::iVector<Grid::Grid_simd<thrust::complex<double>, Grid::GpuVector<4, Grid::GpuComplex<HIP_vector_type<double, 2u> > > >, 3>, 2> >, Grid::XconjWilsonImplParams>::CopyPlane(int, int, int, int, int, int, int) [{/autofs/nccs-svm1_home1/ckelly/src/Grid_crusher_Xconj/Grid/Grid/stencil/Stencil.h} {920}]",31,359fd9,0.00025003447166429193,272,,0.0,0.1
"Grid::CartesianStencil<Grid::iScalar<Grid::iVector<Grid::iVector<Grid::Grid_simd<thrust::complex<double>, Grid::GpuVector<4, Grid::GpuComplex<HIP_vector_type<double, 2u> > > >, 3>, 4> >, Grid::iScalar<Grid::iVector<Grid::iVector<Grid::Grid_simd<thrust::complex<double>, Grid::GpuVector<4, Grid::GpuComplex<HIP_vector_type<double, 2u> > > >, 3>, 2> >, Grid::XconjWilsonImplParams>::CopyPlane(int, int, int, int, int, int, int) [{/autofs/nccs-svm1_home1/ckelly/src/Grid_crusher_Xconj/Grid/Grid/stencil/Stencil.h} {920}]",31,359fd9,0.00026474238176219146,288,,0.0,0.1
"Grid::CartesianStencil<Grid::iScalar<Grid::iVector<Grid::iVector<Grid::Grid_simd<thrust::complex<double>, Grid::GpuVector<4, Grid::GpuComplex<HIP_vector_type<double, 2u> > > >, 3>, 4> >, Grid::iScalar<Grid::iVector<Grid::iVector<Grid::Grid_simd<thrust::complex<double>, Grid::GpuVector<4, Grid::GpuComplex<HIP_vector_type<double, 2u> > > >, 3>, 2> >, Grid::XconjWilsonImplParams>::CopyPlane(int, int, int, int, int, int, int) [{/autofs/nccs-svm1_home1/ckelly/src/Grid_crusher_Xconj/Grid/Grid/stencil/Stencil.h} {920}]",31,359fd9,0.00012501723583214597,136,,0.0,0.1
"Grid::CartesianStencil<Grid::iScalar<Grid::iVector<Grid::iVector<Grid::Grid_simd<thrust::complex<double>, Grid::GpuVector<4, Grid::GpuComplex<HIP_vector_type<double, 2u> > > >, 3>, 4> >, Grid::iScalar<Grid::iVector<Grid::iVector<Grid::Grid_simd<thrust::complex<double>, Grid::GpuVector<4, Grid::GpuComplex<HIP_vector_type<double, 2u> > > >, 3>, 2> >, Grid::XconjWilsonImplParams>::CopyPlane(int, int, int, int, int, int, int) [{/autofs/nccs-svm1_home1/ckelly/src/Grid_crusher_Xconj/Grid/Grid/stencil/Stencil.h} {920}]",31,359fd9,0.00012042101392655238,131,,0.0,0.1
"Grid::CartesianStencil<Grid::iScalar<Grid::iVector<Grid::iVector<Grid::Grid_simd<thrust::complex<double>, Grid::GpuVector<4, Grid::GpuComplex<HIP_vector_type<double, 2u> > > >, 3>, 4> >, Grid::iScalar<Grid::iVector<Grid::iVector<Grid::Grid_simd<thrust::complex<double>, Grid::GpuVector<4, Grid::GpuComplex<HIP_vector_type<double, 2u> > > >, 3>, 2> >, Grid::XconjWilsonImplParams>::CopyPlane(int, int, int, int, int, int, int) [{/autofs/nccs-svm1_home1/ckelly/src/Grid_crusher_Xconj/Grid/Grid/stencil/Stencil.h} {920}]",31,359fd9,0.0001213402583076711,132,,0.0,0.1
"Grid::CartesianStencil<Grid::iScalar<Grid::iVector<Grid::iVector<Grid::Grid_simd<thrust::complex<double>, Grid::GpuVector<4, Grid::GpuComplex<HIP_vector_type<double, 2u> > > >, 3>, 4> >, Grid::iScalar<Grid::iVector<Grid::iVector<Grid::Grid_simd<thrust::complex<double>, Grid::GpuVector<4, Grid::GpuComplex<HIP_vector_type<double, 2u> > > >, 3>, 2> >, Grid::XconjWilsonImplParams>::CopyPlane(int, int, int, int, int, int, int) [{/autofs/nccs-svm1_home1/ckelly/src/Grid_crusher_Xconj/Grid/Grid/stencil/Stencil.h} {920}]",31,359fd9,0.00012317874706990853,134,,0.0,0.1
"Grid::CartesianStencil<Grid::iScalar<Grid::iVector<Grid::iVector<Grid::Grid_simd<thrust::complex<double>, Grid::GpuVector<4, Grid::GpuComplex<HIP_vector_type<double, 2u> > > >, 3>, 4> >, Grid::iScalar<Grid::iVector<Grid::iVector<Grid::Grid_simd<thrust::complex<double>, Grid::GpuVector<4, Grid::GpuComplex<HIP_vector_type<double, 2u> > > >, 3>, 2> >, Grid::XconjWilsonImplParams>::CopyPlane(int, int, int, int, int, int, int) [{/autofs/nccs-svm1_home1/ckelly/src/Grid_crusher_Xconj/Grid/Grid/stencil/Stencil.h} {920}]",31,359fd9,0.0001535138116468263,167,,0.0,0.1
"Grid::CartesianStencil<Grid::iScalar<Grid::iVector<Grid::iVector<Grid::Grid_simd<thrust::complex<double>, Grid::GpuVector<4, Grid::GpuComplex<HIP_vector_type<double, 2u> > > >, 3>, 4> >, Grid::iScalar<Grid::iVector<Grid::iVector<Grid::Grid_simd<thrust::complex<double>, Grid::GpuVector<4, Grid::GpuComplex<HIP_vector_type<double, 2u> > > >, 3>, 2> >, Grid::XconjWilsonImplParams>::CopyPlane(int, int, int, int, int, int, int) [{/autofs/nccs-svm1_home1/ckelly/src/Grid_crusher_Xconj/Grid/Grid/stencil/Stencil.h} {920}]",31,359fd9,0.0001525945672657076,166,,0.0,0.1
"Grid::CartesianStencil<Grid::iScalar<Grid::iVector<Grid::iVector<Grid::Grid_simd<thrust::complex<double>, Grid::GpuVector<4, Grid::GpuComplex<HIP_vector_type<double, 2u> > > >, 3>, 4> >, Grid::iScalar<Grid::iVector<Grid::iVector<Grid::Grid_simd<thrust::complex<double>, Grid::GpuVector<4, Grid::GpuComplex<HIP_vector_type<double, 2u> > > >, 3>, 2> >, Grid::XconjWilsonImplParams>::CopyPlane(int, int, int, int, int, int, int) [{/autofs/nccs-svm1_home1/ckelly/src/Grid_crusher_Xconj/Grid/Grid/stencil/Stencil.h} {920}]",31,359fd9,0.00015167532288458887,165,,0.0,0.1
"Grid::CartesianStencil<Grid::iScalar<Grid::iVector<Grid::iVector<Grid::Grid_simd<thrust::complex<double>, Grid::GpuVector<4, Grid::GpuComplex<HIP_vector_type<double, 2u> > > >, 3>, 4> >, Grid::iScalar<Grid::iVector<Grid::iVector<Grid::Grid_simd<thrust::complex<double>, Grid::GpuVector<4, Grid::GpuComplex<HIP_vector_type<double, 2u> > > >, 3>, 2> >, Grid::XconjWilsonImplParams>::CopyPlane(int, int, int, int, int, int, int) [{/autofs/nccs-svm1_home1/ckelly/src/Grid_crusher_Xconj/Grid/Grid/stencil/Stencil.h} {920}]",31,359fd9,0.000838350875580273,912,,0.0,0.1
"Grid::CartesianStencil<Grid::iScalar<Grid::iVector<Grid::iVector<Grid::Grid_simd<thrust::complex<double>, Grid::GpuVector<4, Grid::GpuComplex<HIP_vector_type<double, 2u> > > >, 3>, 4> >, Grid::iScalar<Grid::iVector<Grid::iVector<Grid::Grid_simd<thrust::complex<double>, Grid::GpuVector<4, Grid::GpuComplex<HIP_vector_type<double, 2u> > > >, 3>, 2> >, Grid::XconjWilsonImplParams>::CopyPlane(int, int, int, int, int, int, int) [{/autofs/nccs-svm1_home1/ckelly/src/Grid_crusher_Xconj/Grid/Grid/stencil/Stencil.h} {920}]",31,359fd9,0.0008355931424369169,909,,0.0,0.1
"Grid::CartesianStencil<Grid::iScalar<Grid::iVector<Grid::iVector<Grid::Grid_simd<thrust::complex<double>, Grid::GpuVector<4, Grid::GpuComplex<HIP_vector_type<double, 2u> > > >, 3>, 4> >, Grid::iScalar<Grid::iVector<Grid::iVector<Grid::Grid_simd<thrust::complex<double>, Grid::GpuVector<4, Grid::GpuComplex<HIP_vector_type<double, 2u> > > >, 3>, 2> >, Grid::XconjWilsonImplParams>::CopyPlane(int, int, int, int, int, int, int) [{/autofs/nccs-svm1_home1/ckelly/src/Grid_crusher_Xconj/Grid/Grid/stencil/Stencil.h} {920}]",31,359fd9,0.0008365123868180356,910,,0.0,0.1
"Grid::alignedAllocator<Grid::StencilEntry>::allocate(unsigned long, void const*) [{/autofs/nccs-svm1_home1/ckelly/src/Grid_crusher_Xconj/Grid/Grid/allocator/AlignedAllocator.h} {52}]",3,541d2a,6.434710667831043e-06,7,,0.0,0.1
"Grid::alignedAllocator<Grid::StencilEntry>::allocate(unsigned long, void const*) [{/autofs/nccs-svm1_home1/ckelly/src/Grid_crusher_Xconj/Grid/Grid/allocator/AlignedAllocator.h} {52}]",3,541d2a,2.114262076573057e-05,23,,0.0,0.1
"Grid::alignedAllocator<Grid::StencilEntry>::allocate(unsigned long, void const*) [{/autofs/nccs-svm1_home1/ckelly/src/Grid_crusher_Xconj/Grid/Grid/allocator/AlignedAllocator.h} {52}]",3,541d2a,7.3539550489497634e-06,8,,0.0,0.1
"Grid::alignedAllocator<Grid::StencilEntry>::allocate(unsigned long, void const*) [{/autofs/nccs-svm1_home1/ckelly/src/Grid_crusher_Xconj/Grid/Grid/allocator/AlignedAllocator.h} {52}]",3,afffb5,6.434710667831043e-06,7,,0.0,0.1
"Grid::alignedAllocator<Grid::StencilEntry>::allocate(unsigned long, void const*) [{/autofs/nccs-svm1_home1/ckelly/src/Grid_crusher_Xconj/Grid/Grid/allocator/AlignedAllocator.h} {52}]",3,afffb5,8.273199430068483e-06,9,,0.0,0.1
"Grid::alignedAllocator<Grid::StencilEntry>::allocate(unsigned long, void const*) [{/autofs/nccs-svm1_home1/ckelly/src/Grid_crusher_Xconj/Grid/Grid/allocator/AlignedAllocator.h} {52}]",3,afffb5,7.3539550489497634e-06,8,,0.0,0.1
"Grid::CartesianStencil<Grid::iScalar<Grid::iVector<Grid::iVector<Grid::Grid_simd<thrust::complex<double>, Grid::GpuVector<4, Grid::GpuComplex<HIP_vector_type<double, 2u> > > >, 3>, 4> >, Grid::iScalar<Grid::iVector<Grid::iVector<Grid::Grid_simd<thrust::complex<double>, Grid::GpuVector<4, Grid::GpuComplex<HIP_vector_type<double, 2u> > > >, 3>, 2> >, Grid::XconjWilsonImplParams>::DirichletBlock(Grid::AcceleratorVector<int, 8> const&) [{/autofs/nccs-svm1_home1/ckelly/src/Grid_crusher_Xconj/Grid/Grid/stencil/Stencil.h} {630}]",2,b6bdd7,2.757733143356161e-06,3,,0.0,0.1
"Grid::CartesianStencil<Grid::iScalar<Grid::iVector<Grid::iVector<Grid::Grid_simd<thrust::complex<double>, Grid::GpuVector<4, Grid::GpuComplex<HIP_vector_type<double, 2u> > > >, 3>, 4> >, Grid::iScalar<Grid::iVector<Grid::iVector<Grid::Grid_simd<thrust::complex<double>, Grid::GpuVector<4, Grid::GpuComplex<HIP_vector_type<double, 2u> > > >, 3>, 2> >, Grid::XconjWilsonImplParams>::CartesianStencil(Grid::GridBase*, int, int, std::vector<int, std::allocator<int> > const&, std::vector<int, std::allocator<int> > const&, Grid::XconjWilsonImplParams) [{/autofs/nccs-svm1_home1/ckelly/src/Grid_crusher_Xconj/Grid/Grid/stencil/Stencil.h} {671}]",3,2069c8,0.0028717194466148827,3124,,0.0,0.1
"Grid::CartesianStencil<Grid::iScalar<Grid::iVector<Grid::iVector<Grid::Grid_simd<thrust::complex<double>, Grid::GpuVector<4, Grid::GpuComplex<HIP_vector_type<double, 2u> > > >, 3>, 4> >, Grid::iScalar<Grid::iVector<Grid::iVector<Grid::Grid_simd<thrust::complex<double>, Grid::GpuVector<4, Grid::GpuComplex<HIP_vector_type<double, 2u> > > >, 3>, 2> >, Grid::XconjWilsonImplParams>::CartesianStencil(Grid::GridBase*, int, int, std::vector<int, std::allocator<int> > const&, std::vector<int, std::allocator<int> > const&, Grid::XconjWilsonImplParams) [{/autofs/nccs-svm1_home1/ckelly/src/Grid_crusher_Xconj/Grid/Grid/stencil/Stencil.h} {671}]",3,2069c8,0.001071838948384428,1166,,0.0,0.1
"Grid::CartesianStencil<Grid::iScalar<Grid::iVector<Grid::iVector<Grid::Grid_simd<thrust::complex<double>, Grid::GpuVector<4, Grid::GpuComplex<HIP_vector_type<double, 2u> > > >, 3>, 4> >, Grid::iScalar<Grid::iVector<Grid::iVector<Grid::Grid_simd<thrust::complex<double>, Grid::GpuVector<4, Grid::GpuComplex<HIP_vector_type<double, 2u> > > >, 3>, 2> >, Grid::XconjWilsonImplParams>::CartesianStencil(Grid::GridBase*, int, int, std::vector<int, std::allocator<int> > const&, std::vector<int, std::allocator<int> > const&, Grid::XconjWilsonImplParams) [{/autofs/nccs-svm1_home1/ckelly/src/Grid_crusher_Xconj/Grid/Grid/stencil/Stencil.h} {671}]",3,2069c8,0.0011067702348669395,1204,,0.0,0.1
"Grid::alignedAllocator<Grid::iScalar<Grid::iVector<Grid::iVector<Grid::Grid_simd<thrust::complex<double>, Grid::GpuVector<4, Grid::GpuComplex<HIP_vector_type<double, 2u> > > >, 3>, 4> > >::allocate(unsigned long, void const*) [{/autofs/nccs-svm1_home1/ckelly/src/Grid_crusher_Xconj/Grid/Grid/allocator/AlignedAllocator.h} {52}]",1,453837,7.3539550489497634e-06,8,,0.0,0.1
hipMallocManaged,2,ae09db,6.250861791607298e-05,68,,0.0,0.1
hipMallocManaged,3,98e0b8,6.342786229719171e-05,69,,0.0,0.1
hipMallocManaged,3,98e0b8,4.96391965804109e-05,54,,0.0,0.1
hipMallocManaged,3,98e0b8,4.596221905593602e-05,50,,0.0,0.1
hipMallocManaged,4,434f3e,1.8384887622374407e-05,20,,0.0,0.1
hipMallocManaged,4,434f3e,1.6546398860136966e-05,18,,0.0,0.1
hipMallocManaged,4,434f3e,2.390035390908673e-05,26,,0.0,0.1
hipMallocManaged,4,434f3e,2.206186514684929e-05,24,,0.0,0.1
hipMallocManaged,2,ae09db,3.952750838810498e-05,43,,0.0,0.1
hipMallocManaged,2,23ab40,3.309279772027393e-05,36,,0.0,0.1
hipMallocManaged,2,23ab40,1.6546398860136966e-05,18,,0.0,0.1
hipMallocManaged,2,049792,1.4707910097899527e-05,16,,0.0,0.1
hipMallocManaged,2,049792,1.9304132003493128e-05,21,,0.0,0.1
"Grid::alignedAllocator<Grid::iVector<Grid::iScalar<Grid::iMatrix<Grid::Grid_simd<thrust::complex<double>, Grid::GpuVector<4, Grid::GpuComplex<HIP_vector_type<double, 2u> > > >, 3> >, 4> >::allocate(unsigned long, void const*) [{/autofs/nccs-svm1_home1/ckelly/src/Grid_crusher_Xconj/Grid/Grid/allocator/AlignedAllocator.h} {52}]",1,ca7fc5,7.3539550489497634e-06,8,,0.0,0.1
"Grid::alignedAllocator<Grid::iVector<Grid::iScalar<Grid::iMatrix<Grid::Grid_simd<thrust::complex<float>, Grid::GpuVector<8, Grid::GpuComplex<HIP_vector_type<float, 2u> > > >, 3> >, 4> >::allocate(unsigned long, void const*) [{/autofs/nccs-svm1_home1/ckelly/src/Grid_crusher_Xconj/Grid/Grid/allocator/AlignedAllocator.h} {52}]",1,0b8ca7,6.434710667831043e-06,7,,0.0,0.1
"OpenMP_Parallel_Region Grid::XconjugateWilsonImpl<Grid::Grid_simd<thrust::complex<double>, Grid::GpuVector<4, Grid::GpuComplex<HIP_vector_type<double, 2u> > > >, Grid::FundamentalRep<3>, Grid::CoeffReal>::DoubleStore(Grid::GridBase*, Grid::Lattice<Grid::iVector<Grid::iScalar<Grid::iMatrix<Grid::Grid_simd<thrust::complex<double>, Grid::GpuVector<4, Grid::GpuComplex<HIP_vector_type<double, 2u> > > >, 3> >, 8> >&, Grid::Lattice<Grid::iVector<Grid::iScalar<Grid::iMatrix<Grid::Grid_simd<thrust::complex<double>, Grid::GpuVector<4, Grid::GpuComplex<HIP_vector_type<double, 2u> > > >, 3> >, 4> > const&) [{/autofs/nccs-svm1_home1/ckelly/bld/Grid_crusher_Xconj_PrgEnv-amd_TAUinst_select/HMC/Mobius2p1fIwasakiXconj3dirs_16I} {0, 0}]",7,2bf899,0.0012437376476536286,1353,,0.0,0.1
"OpenMP_Parallel_Region Grid::XconjugateWilsonImpl<Grid::Grid_simd<thrust::complex<double>, Grid::GpuVector<4, Grid::GpuComplex<HIP_vector_type<double, 2u> > > >, Grid::FundamentalRep<3>, Grid::CoeffReal>::DoubleStore(Grid::GridBase*, Grid::Lattice<Grid::iVector<Grid::iScalar<Grid::iMatrix<Grid::Grid_simd<thrust::complex<double>, Grid::GpuVector<4, Grid::GpuComplex<HIP_vector_type<double, 2u> > > >, 3> >, 8> >&, Grid::Lattice<Grid::iVector<Grid::iScalar<Grid::iMatrix<Grid::Grid_simd<thrust::complex<double>, Grid::GpuVector<4, Grid::GpuComplex<HIP_vector_type<double, 2u> > > >, 3> >, 4> > const&) [{/autofs/nccs-svm1_home1/ckelly/bld/Grid_crusher_Xconj_PrgEnv-amd_TAUinst_select/HMC/Mobius2p1fIwasakiXconj3dirs_16I} {0, 0}]",7,2bf899,0.0012373029369857978,1346,,0.0,0.1
"OpenMP_Parallel_Region Grid::XconjugateWilsonImpl<Grid::Grid_simd<thrust::complex<double>, Grid::GpuVector<4, Grid::GpuComplex<HIP_vector_type<double, 2u> > > >, Grid::FundamentalRep<3>, Grid::CoeffReal>::DoubleStore(Grid::GridBase*, Grid::Lattice<Grid::iVector<Grid::iScalar<Grid::iMatrix<Grid::Grid_simd<thrust::complex<double>, Grid::GpuVector<4, Grid::GpuComplex<HIP_vector_type<double, 2u> > > >, 3> >, 8> >&, Grid::Lattice<Grid::iVector<Grid::iScalar<Grid::iMatrix<Grid::Grid_simd<thrust::complex<double>, Grid::GpuVector<4, Grid::GpuComplex<HIP_vector_type<double, 2u> > > >, 3> >, 4> > const&) [{/autofs/nccs-svm1_home1/ckelly/bld/Grid_crusher_Xconj_PrgEnv-amd_TAUinst_select/HMC/Mobius2p1fIwasakiXconj3dirs_16I} {0, 0}]",7,2bf899,0.0011499747207795192,1251,,0.0,0.1
"OpenMP_Parallel_Region Grid::XconjugateWilsonImpl<Grid::Grid_simd<thrust::complex<double>, Grid::GpuVector<4, Grid::GpuComplex<HIP_vector_type<double, 2u> > > >, Grid::FundamentalRep<3>, Grid::CoeffReal>::DoubleStore(Grid::GridBase*, Grid::Lattice<Grid::iVector<Grid::iScalar<Grid::iMatrix<Grid::Grid_simd<thrust::complex<double>, Grid::GpuVector<4, Grid::GpuComplex<HIP_vector_type<double, 2u> > > >, 3> >, 8> >&, Grid::Lattice<Grid::iVector<Grid::iScalar<Grid::iMatrix<Grid::Grid_simd<thrust::complex<double>, Grid::GpuVector<4, Grid::GpuComplex<HIP_vector_type<double, 2u> > > >, 3> >, 4> > const&) [{/autofs/nccs-svm1_home1/ckelly/bld/Grid_crusher_Xconj_PrgEnv-amd_TAUinst_select/HMC/Mobius2p1fIwasakiXconj3dirs_16I} {0, 0}]",7,2bf899,0.0012998115549018707,1414,,0.0,0.1
"OpenMP_Parallel_Region Grid::XconjugateWilsonImpl<Grid::Grid_simd<thrust::complex<double>, Grid::GpuVector<4, Grid::GpuComplex<HIP_vector_type<double, 2u> > > >, Grid::FundamentalRep<3>, Grid::CoeffReal>::DoubleStore(Grid::GridBase*, Grid::Lattice<Grid::iVector<Grid::iScalar<Grid::iMatrix<Grid::Grid_simd<thrust::complex<double>, Grid::GpuVector<4, Grid::GpuComplex<HIP_vector_type<double, 2u> > > >, 3> >, 8> >&, Grid::Lattice<Grid::iVector<Grid::iScalar<Grid::iMatrix<Grid::Grid_simd<thrust::complex<double>, Grid::GpuVector<4, Grid::GpuComplex<HIP_vector_type<double, 2u> > > >, 3> >, 4> > const&) [{/autofs/nccs-svm1_home1/ckelly/bld/Grid_crusher_Xconj_PrgEnv-amd_TAUinst_select/HMC/Mobius2p1fIwasakiXconj3dirs_16I} {0, 0}]",7,2bf899,0.0012409799145102725,1350,,0.0,0.1
"OpenMP_Parallel_Region Grid::XconjugateWilsonImpl<Grid::Grid_simd<thrust::complex<double>, Grid::GpuVector<4, Grid::GpuComplex<HIP_vector_type<double, 2u> > > >, Grid::FundamentalRep<3>, Grid::CoeffReal>::DoubleStore(Grid::GridBase*, Grid::Lattice<Grid::iVector<Grid::iScalar<Grid::iMatrix<Grid::Grid_simd<thrust::complex<double>, Grid::GpuVector<4, Grid::GpuComplex<HIP_vector_type<double, 2u> > > >, 3> >, 8> >&, Grid::Lattice<Grid::iVector<Grid::iScalar<Grid::iMatrix<Grid::Grid_simd<thrust::complex<double>, Grid::GpuVector<4, Grid::GpuComplex<HIP_vector_type<double, 2u> > > >, 3> >, 4> > const&) [{/autofs/nccs-svm1_home1/ckelly/bld/Grid_crusher_Xconj_PrgEnv-amd_TAUinst_select/HMC/Mobius2p1fIwasakiXconj3dirs_16I} {0, 0}]",7,2bf899,0.0012446568920347475,1354,,0.0,0.1
hipMemcpy,11,51fb53,0.000621409201636255,676,,0.0,0.1
hipMemcpy,6,3df2a7,0.000364940019304132,397,,0.0,0.1
hipMemcpy,11,51fb53,0.00034931286482511376,380,,0.0,0.1
hipMemcpy,6,3df2a7,0.0003603437973985384,392,,0.0,0.1
hipMemcpy,11,51fb53,0.00037505170749643795,408,,0.0,0.1
hipMemcpy,6,3df2a7,0.0020802500344716643,2263,,0.0,0.1
hipMemcpy,11,51fb53,0.0003612630417796571,393,,0.0,0.1
hipMemcpy,4,a4d2fa,0.0003768901962586754,410,,0.0,0.1
hipMemcpy,11,51fb53,0.00037321321873420046,406,,0.0,0.1
hipMemcpy,4,a4d2fa,0.00037045548559084434,403,,0.0,0.1
hipMemcpy,6,66e151,0.012287539642413936,13367,,0.01,0.1
hipMemcpy,6,66e151,0.024684469366181,26853,,0.02,0.1
hipMemcpy,6,66e151,0.012541251091602703,13643,,0.01,0.1
hipMemcpy,11,51fb53,0.00043939881417474837,478,,0.0,0.1
hipMemcpy,11,51fb53,0.0005285655191432642,575,,0.0,0.1
hipMemcpy,6,3df2a7,0.00033184722158385806,361,,0.0,0.1
hipMemcpy,11,51fb53,0.0003281702440593832,357,,0.0,0.1
hipMemcpy,6,3df2a7,0.0003373626878705704,367,,0.0,0.1
hipMemcpy,11,51fb53,0.000525807785999908,572,,0.0,0.1
hipMemcpy,6,3df2a7,0.00032725099967826444,356,,0.0,0.1
hipMemcpy,11,51fb53,0.0003235740221537896,352,,0.0,0.1
hipMemcpy,4,a4d2fa,0.00033184722158385806,361,,0.0,0.1
hipMemcpy,11,51fb53,0.0003244932665349083,353,,0.0,0.1
hipMemcpy,4,a4d2fa,0.0003511513535873512,382,,0.0,0.1
hipMemcpy,6,66e151,0.012339017327756585,13423,,0.01,0.1
hipMemcpy,6,66e151,0.024334237256974766,26472,,0.02,0.1
hipMemcpy,6,66e151,0.012476903984924391,13573,,0.01,0.1
"Grid::alignedAllocator<Grid::iScalar<Grid::Grid_simd<unsigned int, Grid::GpuVector<16, unsigned int> > > >::allocate(unsigned long, void const*) [{/autofs/nccs-svm1_home1/ckelly/src/Grid_crusher_Xconj/Grid/Grid/allocator/AlignedAllocator.h} {52}]",11,4755ee,7.3539550489497634e-06,8,,0.0,0.1
"Grid::alignedAllocator<Grid::iScalar<Grid::Grid_simd<unsigned int, Grid::GpuVector<16, unsigned int> > > >::allocate(unsigned long, void const*) [{/autofs/nccs-svm1_home1/ckelly/src/Grid_crusher_Xconj/Grid/Grid/allocator/AlignedAllocator.h} {52}]",11,4755ee,9.192443811187204e-07,1,,0.0,0.1
"Grid::alignedAllocator<Grid::iScalar<Grid::Grid_simd<unsigned int, Grid::GpuVector<16, unsigned int> > > >::allocate(unsigned long, void const*) [{/autofs/nccs-svm1_home1/ckelly/src/Grid_crusher_Xconj/Grid/Grid/allocator/AlignedAllocator.h} {52}]",11,4755ee,4.596221905593602e-06,5,,0.0,0.1
"Grid::alignedAllocator<Grid::iScalar<Grid::Grid_simd<unsigned int, Grid::GpuVector<16, unsigned int> > > >::allocate(unsigned long, void const*) [{/autofs/nccs-svm1_home1/ckelly/src/Grid_crusher_Xconj/Grid/Grid/allocator/AlignedAllocator.h} {52}]",11,4755ee,1.8384887622374409e-06,2,,0.0,0.1
"Grid::alignedAllocator<Grid::iScalar<Grid::Grid_simd<unsigned int, Grid::GpuVector<16, unsigned int> > > >::allocate(unsigned long, void const*) [{/autofs/nccs-svm1_home1/ckelly/src/Grid_crusher_Xconj/Grid/Grid/allocator/AlignedAllocator.h} {52}]",11,4755ee,5.515466286712322e-06,6,,0.0,0.1
hipMalloc,1,d6019d,5.9750884772716825e-05,65,,0.0,0.1
hipMalloc,3,87461d,0.00013696741278668934,149,,0.0,0.1
hipMalloc,2,4d8f78,0.00033092797720273937,360,,0.0,0.1
hipMalloc,2,4d8f78,8.08935055384474e-05,88,,0.0,0.1
hipMalloc,2,c4a079,6.342786229719171e-05,69,,0.0,0.1
hipMalloc,2,c4a079,0.00018109114308038793,197,,0.0,0.1
"Grid::alignedAllocator<Grid::iScalar<Grid::iScalar<Grid::iMatrix<Grid::Grid_simd<thrust::complex<double>, Grid::GpuVector<4, Grid::GpuComplex<HIP_vector_type<double, 2u> > > >, 3> > > >::allocate(unsigned long, void const*) [{/autofs/nccs-svm1_home1/ckelly/src/Grid_crusher_Xconj/Grid/Grid/allocator/AlignedAllocator.h} {52}]",8,f3ed35,9.192443811187204e-07,1,,0.0,0.1
"Grid::alignedAllocator<Grid::iScalar<Grid::iScalar<Grid::iMatrix<Grid::Grid_simd<thrust::complex<double>, Grid::GpuVector<4, Grid::GpuComplex<HIP_vector_type<double, 2u> > > >, 3> > > >::allocate(unsigned long, void const*) [{/autofs/nccs-svm1_home1/ckelly/src/Grid_crusher_Xconj/Grid/Grid/allocator/AlignedAllocator.h} {52}]",8,7f3e2e,9.192443811187204e-06,10,,0.0,0.1
"Grid::alignedAllocator<Grid::iScalar<Grid::iScalar<Grid::iMatrix<Grid::Grid_simd<thrust::complex<double>, Grid::GpuVector<4, Grid::GpuComplex<HIP_vector_type<double, 2u> > > >, 3> > > >::allocate(unsigned long, void const*) [{/autofs/nccs-svm1_home1/ckelly/src/Grid_crusher_Xconj/Grid/Grid/allocator/AlignedAllocator.h} {52}]",6,64e37e,9.192443811187204e-07,1,,0.0,0.1
"Grid::alignedAllocator<Grid::iScalar<Grid::iScalar<Grid::iMatrix<Grid::Grid_simd<thrust::complex<double>, Grid::GpuVector<4, Grid::GpuComplex<HIP_vector_type<double, 2u> > > >, 3> > > >::allocate(unsigned long, void const*) [{/autofs/nccs-svm1_home1/ckelly/src/Grid_crusher_Xconj/Grid/Grid/allocator/AlignedAllocator.h} {52}]",7,c5bff7,9.192443811187204e-07,1,,0.0,0.1
"Grid::alignedAllocator<Grid::iScalar<Grid::iScalar<Grid::iMatrix<Grid::Grid_simd<thrust::complex<double>, Grid::GpuVector<4, Grid::GpuComplex<HIP_vector_type<double, 2u> > > >, 3> > > >::allocate(unsigned long, void const*) [{/autofs/nccs-svm1_home1/ckelly/src/Grid_crusher_Xconj/Grid/Grid/allocator/AlignedAllocator.h} {52}]",8,7f3e2e,7.3539550489497634e-06,8,,0.0,0.1
"Grid::alignedAllocator<Grid::iScalar<Grid::iScalar<Grid::iMatrix<Grid::Grid_simd<thrust::complex<double>, Grid::GpuVector<4, Grid::GpuComplex<HIP_vector_type<double, 2u> > > >, 3> > > >::allocate(unsigned long, void const*) [{/autofs/nccs-svm1_home1/ckelly/src/Grid_crusher_Xconj/Grid/Grid/allocator/AlignedAllocator.h} {52}]",8,7f3e2e,6.434710667831043e-06,7,,0.0,0.1
"Grid::alignedAllocator<Grid::iScalar<Grid::iScalar<Grid::iMatrix<Grid::Grid_simd<thrust::complex<double>, Grid::GpuVector<4, Grid::GpuComplex<HIP_vector_type<double, 2u> > > >, 3> > > >::allocate(unsigned long, void const*) [{/autofs/nccs-svm1_home1/ckelly/src/Grid_crusher_Xconj/Grid/Grid/allocator/AlignedAllocator.h} {52}]",6,64e37e,1.8384887622374409e-06,2,,0.0,0.1
"Grid::alignedAllocator<Grid::iScalar<Grid::iScalar<Grid::iMatrix<Grid::Grid_simd<thrust::complex<double>, Grid::GpuVector<4, Grid::GpuComplex<HIP_vector_type<double, 2u> > > >, 3> > > >::allocate(unsigned long, void const*) [{/autofs/nccs-svm1_home1/ckelly/src/Grid_crusher_Xconj/Grid/Grid/allocator/AlignedAllocator.h} {52}]",8,f3ed35,1.8384887622374409e-06,2,,0.0,0.1
"Grid::alignedAllocator<Grid::iScalar<Grid::iScalar<Grid::iMatrix<Grid::Grid_simd<thrust::complex<double>, Grid::GpuVector<4, Grid::GpuComplex<HIP_vector_type<double, 2u> > > >, 3> > > >::allocate(unsigned long, void const*) [{/autofs/nccs-svm1_home1/ckelly/src/Grid_crusher_Xconj/Grid/Grid/allocator/AlignedAllocator.h} {52}]",2,7c17b9,1.8384887622374409e-06,2,,0.0,0.1
"Grid::alignedAllocator<Grid::iScalar<Grid::iScalar<Grid::iMatrix<Grid::Grid_simd<thrust::complex<double>, Grid::GpuVector<4, Grid::GpuComplex<HIP_vector_type<double, 2u> > > >, 3> > > >::allocate(unsigned long, void const*) [{/autofs/nccs-svm1_home1/ckelly/src/Grid_crusher_Xconj/Grid/Grid/allocator/AlignedAllocator.h} {52}]",2,7c17b9,6.434710667831043e-06,7,,0.0,0.1
"Grid::alignedAllocator<Grid::iScalar<Grid::iScalar<Grid::iMatrix<Grid::Grid_simd<thrust::complex<double>, Grid::GpuVector<4, Grid::GpuComplex<HIP_vector_type<double, 2u> > > >, 3> > > >::allocate(unsigned long, void const*) [{/autofs/nccs-svm1_home1/ckelly/src/Grid_crusher_Xconj/Grid/Grid/allocator/AlignedAllocator.h} {52}]",7,c5bff7,9.192443811187204e-06,10,,0.0,0.1
"Grid::alignedAllocator<Grid::iScalar<Grid::iScalar<Grid::iMatrix<Grid::Grid_simd<thrust::complex<double>, Grid::GpuVector<4, Grid::GpuComplex<HIP_vector_type<double, 2u> > > >, 3> > > >::allocate(unsigned long, void const*) [{/autofs/nccs-svm1_home1/ckelly/src/Grid_crusher_Xconj/Grid/Grid/allocator/AlignedAllocator.h} {52}]",7,c5bff7,1.8384887622374409e-06,2,,0.0,0.1
"Grid::alignedAllocator<Grid::iScalar<Grid::iScalar<Grid::iMatrix<Grid::Grid_simd<thrust::complex<double>, Grid::GpuVector<4, Grid::GpuComplex<HIP_vector_type<double, 2u> > > >, 3> > > >::allocate(unsigned long, void const*) [{/autofs/nccs-svm1_home1/ckelly/src/Grid_crusher_Xconj/Grid/Grid/allocator/AlignedAllocator.h} {52}]",8,7f3e2e,8.273199430068483e-06,9,,0.0,0.1
hipLaunchKernel,15,f9ccfb,1.1950176954543365e-05,13,,0.0,0.1
hipLaunchKernel,96,c1b8f9,1.0111688192305924e-05,11,,0.0,0.1
hipLaunchKernel,96,c1b8f9,4.596221905593602e-06,5,,0.0,0.1
hipLaunchKernel,96,c1b8f9,3.6769775244748817e-06,4,,0.0,0.1
hipLaunchKernel,7,ed0ce1,8.273199430068483e-06,9,,0.0,0.1
hipLaunchKernel,6,e8e121,5.515466286712322e-06,6,,0.0,0.1
hipLaunchKernel,6,af7269,1.1030932573424645e-05,12,,0.0,0.1
hipLaunchKernel,15,f9ccfb,8.273199430068483e-06,9,,0.0,0.1
hipLaunchKernel,8,8ceacb,5.515466286712322e-06,6,,0.0,0.1
hipLaunchKernel,15,f9ccfb,4.596221905593602e-06,5,,0.0,0.1
hipLaunchKernel,7,ed0ce1,4.596221905593602e-06,5,,0.0,0.1
hipLaunchKernel,6,e8e121,6.434710667831043e-06,7,,0.0,0.1
hipLaunchKernel,6,af7269,9.192443811187204e-06,10,,0.0,0.1
hipLaunchKernel,15,f9ccfb,5.515466286712322e-06,6,,0.0,0.1
hipLaunchKernel,4,25efa9,6.434710667831043e-06,7,,0.0,0.1
hipLaunchKernel,6,af7269,7.3539550489497634e-06,8,,0.0,0.1
hipLaunchKernel,8,8ceacb,7.3539550489497634e-06,8,,0.0,0.1
hipLaunchKernel,3,6f6987,1.1950176954543365e-05,13,,0.0,0.1
hipLaunchKernel,4,25efa9,5.515466286712322e-06,6,,0.0,0.1
hipLaunchKernel,96,c1b8f9,5.515466286712322e-06,6,,0.0,0.1
hipLaunchKernel,7,ed0ce1,5.515466286712322e-06,6,,0.0,0.1
hipLaunchKernel,3,6f6987,9.192443811187204e-06,10,,0.0,0.1
hipLaunchKernel,1,5253f9,2.7577331433561613e-05,30,,0.0,0.1
hipLaunchKernel,8,8ceacb,1.2869421335662086e-05,14,,0.0,0.1
hipLaunchKernel,15,f9ccfb,6.434710667831043e-06,7,,0.0,0.1
hipLaunchKernel,96,c1b8f9,6.434710667831043e-06,7,,0.0,0.1
hipLaunchKernel,7,ed0ce1,6.434710667831043e-06,7,,0.0,0.1
hipLaunchKernel,6,af7269,1.0111688192305924e-05,11,,0.0,0.1
hipLaunchKernel,15,f9ccfb,7.3539550489497634e-06,8,,0.0,0.1
hipLaunchKernel,6,e8e121,4.596221905593602e-06,5,,0.0,0.1
hipLaunchKernel,6,af7269,8.273199430068483e-06,9,,0.0,0.1
hipLaunchKernel,4,25efa9,4.596221905593602e-06,5,,0.0,0.1
